{
  "accuracy": [
    0.36073750257492065,
    0.4915827810764313,
    0.5441346764564514,
    0.5640865564346313,
    0.5846619606018066,
    0.6081767082214355,
    0.607018768787384,
    0.6248329877853394,
    0.638193666934967,
    0.6388171315193176
  ],
  "loss": [
    1.491539478302002,
    1.2169893980026245,
    1.1179519891738892,
    1.0721467733383179,
    1.0330047607421875,
    1.0002195835113525,
    0.9844526648521423,
    0.9585460424423218,
    0.9306896328926086,
    0.9130579233169556
  ],
  "val_accuracy": [
    0.4898468255996704,
    0.5607410073280334,
    0.5878161787986755,
    0.5846099257469177,
    0.6230851411819458,
    0.6294977068901062,
    0.5960099697113037,
    0.6330602169036865,
    0.6408977508544922,
    0.657641589641571
  ],
  "val_loss": [
    1.2487506866455078,
    1.0866426229476929,
    1.0556458234786987,
    1.0082954168319702,
    0.962023913860321,
    0.9381994009017944,
    0.9675484299659729,
    0.9340440034866333,
    0.9353783130645752,
    0.8801311254501343
  ],
  "learning_rate": [
    0.0010000000474974513,
    0.0010000000474974513,
    0.0010000000474974513,
    0.0010000000474974513,
    0.0010000000474974513,
    0.0010000000474974513,
    0.0010000000474974513,
    0.0010000000474974513,
    0.0010000000474974513,
    0.0010000000474974513
  ]
}