{
  "accuracy": [
    0.36430034041404724,
    0.4700276255607605,
    0.5441346764564514,
    0.575131356716156,
    0.6011400818824768,
    0.6069297194480896,
    0.626258134841919,
    0.638193666934967,
    0.6600160598754883,
    0.6634007096290588
  ],
  "loss": [
    1.443450689315796,
    1.2211675643920898,
    1.0998328924179077,
    1.0318344831466675,
    0.9856534004211426,
    0.9662943482398987,
    0.9377179741859436,
    0.903397798538208,
    0.8781097531318665,
    0.8669681549072266
  ],
  "val_accuracy": [
    0.49412184953689575,
    0.5650160312652588,
    0.6042037606239319,
    0.6248664259910583,
    0.6031350493431091,
    0.6465978026390076,
    0.6612041592597961,
    0.6287851929664612,
    0.6213038563728333,
    0.6904168128967285
  ],
  "val_loss": [
    1.2573925256729126,
    1.0959274768829346,
    1.017575740814209,
    0.9561986327171326,
    0.9839155673980713,
    0.8951757550239563,
    0.8675273060798645,
    0.8936563730239868,
    0.9570032358169556,
    0.819517970085144
  ],
  "learning_rate": [
    0.0010000000474974513,
    0.0010000000474974513,
    0.0010000000474974513,
    0.0010000000474974513,
    0.0010000000474974513,
    0.0010000000474974513,
    0.0010000000474974513,
    0.0010000000474974513,
    0.0010000000474974513,
    0.0010000000474974513
  ]
}