{
  "accuracy": [
    0.37694841623306274,
    0.4746592938899994,
    0.5352275967597961,
    0.5647100806236267,
    0.5900952816009521,
    0.6054155230522156,
    0.6267925500869751,
    0.6484367847442627,
    0.6519996523857117,
    0.6685668230056763
  ],
  "loss": [
    1.4674949645996094,
    1.239151954650879,
    1.1323903799057007,
    1.0750013589859009,
    1.0244486331939697,
    0.9974757432937622,
    0.9489752054214478,
    0.9109639525413513,
    0.8844482898712158,
    0.8641864657402039
  ],
  "val_accuracy": [
    0.470609188079834,
    0.5692910552024841,
    0.5785536170005798,
    0.6042037606239319,
    0.6195226311683655,
    0.6483790278434753,
    0.6237976551055908,
    0.6708229184150696,
    0.588172435760498,
    0.690773069858551
  ],
  "val_loss": [
    1.284030556678772,
    1.1029791831970215,
    1.0619797706604004,
    1.0155320167541504,
    0.9896858334541321,
    0.9248805046081543,
    0.9457981586456299,
    0.8463932871818542,
    0.9909010529518127,
    0.805966854095459
  ],
  "learning_rate": [
    0.0010000000474974513,
    0.0010000000474974513,
    0.0010000000474974513,
    0.0010000000474974513,
    0.0010000000474974513,
    0.0010000000474974513,
    0.0010000000474974513,
    0.0010000000474974513,
    0.0010000000474974513,
    0.0010000000474974513
  ]
}