{
  "accuracy": [
    0.39868175983428955,
    0.48971229791641235,
    0.5355838537216187,
    0.565778911113739,
    0.593390941619873,
    0.6031887531280518,
    0.6271488666534424,
    0.6459428071975708,
    0.6711499094963074,
    0.6738220453262329
  ],
  "loss": [
    1.4058887958526611,
    1.1765085458755493,
    1.0999289751052856,
    1.0525811910629272,
    1.0075345039367676,
    0.9875217080116272,
    0.9354792833328247,
    0.9055771827697754,
    0.8636213541030884,
    0.8575735688209534
  ],
  "val_accuracy": [
    0.5137156844139099,
    0.5479159355163574,
    0.5757036209106445,
    0.607053816318512,
    0.5952974557876587,
    0.6109725832939148,
    0.6241539120674133,
    0.6138225793838501,
    0.665835440158844,
    0.6954043507575989
  ],
  "val_loss": [
    1.178796648979187,
    1.0854921340942383,
    1.0476384162902832,
    0.9797537922859192,
    0.9689047336578369,
    0.9439018368721008,
    0.9214587211608887,
    0.9522932767868042,
    0.8783247470855713,
    0.7997297048568726
  ],
  "learning_rate": [
    0.0010000000474974513,
    0.0010000000474974513,
    0.0010000000474974513,
    0.0010000000474974513,
    0.0010000000474974513,
    0.0010000000474974513,
    0.0010000000474974513,
    0.0010000000474974513,
    0.0010000000474974513,
    0.0010000000474974513
  ]
}