{
  "accuracy": [
    0.4165850281715393,
    0.5416406989097595,
    0.6102253198623657,
    0.6365903615951538,
    0.7005433440208435,
    0.737596869468689,
    0.766455888748169,
    0.7807072401046753,
    0.789703369140625,
    0.8048454523086548
  ],
  "loss": [
    1.3115413188934326,
    1.080259084701538,
    0.9611772894859314,
    0.9046574831008911,
    0.7842510938644409,
    0.7154179215431213,
    0.6533068418502808,
    0.6129629611968994,
    0.5875102281570435,
    0.559937059879303
  ],
  "val_accuracy": [
    0.5119344592094421,
    0.5671535730361938,
    0.6177413463592529,
    0.7260420322418213,
    0.7149982452392578,
    0.760954737663269,
    0.794086217880249,
    0.7662985324859619,
    0.7969362139701843,
    0.8118988275527954
  ],
  "val_loss": [
    1.18221914768219,
    1.0767196416854858,
    0.930159866809845,
    0.7646204233169556,
    0.7356216311454773,
    0.661186933517456,
    0.5938423275947571,
    0.6604766845703125,
    0.551753044128418,
    0.5263762474060059
  ],
  "learning_rate": [
    0.0010000000474974513,
    0.0010000000474974513,
    0.0010000000474974513,
    0.0010000000474974513,
    0.0010000000474974513,
    0.0010000000474974513,
    0.0010000000474974513,
    0.0010000000474974513,
    0.0010000000474974513,
    0.0010000000474974513
  ]
}