{
  "accuracy": [
    0.33722275495529175,
    0.44419702887535095,
    0.49879753589630127,
    0.535405695438385,
    0.5557138919830322,
    0.570855975151062,
    0.5877794623374939,
    0.5992696285247803,
    0.6085330247879028,
    0.6145007610321045
  ],
  "loss": [
    1.5234044790267944,
    1.292990803718567,
    1.1898455619812012,
    1.131912350654602,
    1.0912808179855347,
    1.0646655559539795,
    1.0358768701553345,
    1.0034528970718384,
    0.9830389618873596,
    0.9614490270614624
  ],
  "val_accuracy": [
    0.4560028612613678,
    0.5254720449447632,
    0.562522292137146,
    0.574634850025177,
    0.5664410591125488,
    0.5960099697113037,
    0.6059850454330444,
    0.5960099697113037,
    0.6166725754737854,
    0.6515853404998779
  ],
  "val_loss": [
    1.326322078704834,
    1.185856819152832,
    1.0966434478759766,
    1.0763769149780273,
    1.045746088027954,
    1.012494683265686,
    0.9891543984413147,
    0.9801297187805176,
    0.9728361964225769,
    0.9218069911003113
  ],
  "learning_rate": [
    0.0010000000474974513,
    0.0010000000474974513,
    0.0010000000474974513,
    0.0010000000474974513,
    0.0010000000474974513,
    0.0010000000474974513,
    0.0010000000474974513,
    0.0010000000474974513,
    0.0010000000474974513,
    0.0010000000474974513
  ]
}