{
  "accuracy": [
    0.3941391408443451,
    0.5153647661209106,
    0.5728155374526978,
    0.597666323184967,
    0.6399750709533691,
    0.6681215167045593,
    0.6974258422851562,
    0.725928544998169,
    0.7536296248435974,
    0.7615569829940796
  ],
  "loss": [
    1.4131708145141602,
    1.1589819192886353,
    1.0516434907913208,
    1.0123820304870605,
    0.9441653490066528,
    0.8813931345939636,
    0.811684250831604,
    0.7427158355712891,
    0.6859994530677795,
    0.6581430435180664
  ],
  "val_accuracy": [
    0.5236907601356506,
    0.5290345549583435,
    0.6056287884712219,
    0.6594228744506836,
    0.6498040556907654,
    0.6978980898857117,
    0.721767008304596,
    0.7174919843673706,
    0.7506234645843506,
    0.7844673991203308
  ],
  "val_loss": [
    1.1506799459457397,
    1.1186959743499756,
    1.0089691877365112,
    0.9127929210662842,
    0.9046233892440796,
    0.7903303503990173,
    0.7420578002929688,
    0.7887482643127441,
    0.6824990510940552,
    0.606392502784729
  ],
  "learning_rate": [
    0.0010000000474974513,
    0.0010000000474974513,
    0.0010000000474974513,
    0.0010000000474974513,
    0.0010000000474974513,
    0.0010000000474974513,
    0.0010000000474974513,
    0.0010000000474974513,
    0.0010000000474974513,
    0.0010000000474974513
  ]
}