{
  "accuracy": [
    0.38817137479782104,
    0.5090407133102417,
    0.607553243637085,
    0.6462100148200989,
    0.6729313135147095,
    0.7010777592658997,
    0.7228111028671265,
    0.7364389300346375,
    0.752293586730957,
    0.7795493006706238
  ],
  "loss": [
    1.399543046951294,
    1.1312298774719238,
    0.9731268286705017,
    0.9018980264663696,
    0.8453335165977478,
    0.7897682189941406,
    0.7469693422317505,
    0.7191612124443054,
    0.6738069653511047,
    0.6107618808746338
  ],
  "val_accuracy": [
    0.4859280288219452,
    0.528678297996521,
    0.5892412066459656,
    0.6758104562759399,
    0.6872105598449707,
    0.736017107963562,
    0.7278233170509338,
    0.7292482852935791,
    0.7370858788490295,
    0.7883861660957336
  ],
  "val_loss": [
    1.1614631414413452,
    1.1242471933364868,
    0.9658005833625793,
    0.8280952572822571,
    0.8228982090950012,
    0.6999179720878601,
    0.7422011494636536,
    0.746009886264801,
    0.7037953734397888,
    0.571721613407135
  ],
  "learning_rate": [
    0.0010000000474974513,
    0.0010000000474974513,
    0.0010000000474974513,
    0.0010000000474974513,
    0.0010000000474974513,
    0.0010000000474974513,
    0.0010000000474974513,
    0.0010000000474974513,
    0.0010000000474974513,
    0.0005000000237487257
  ]
}