{
  "accuracy": [
    0.3760577142238617,
    0.47269973158836365,
    0.5375434160232544,
    0.5663133263587952,
    0.5999822020530701,
    0.616104006767273,
    0.6321368217468262,
    0.6540482640266418,
    0.6571657657623291,
    0.6654493808746338
  ],
  "loss": [
    1.4575272798538208,
    1.2145179510116577,
    1.1060833930969238,
    1.036626935005188,
    0.9852385520935059,
    0.9511749148368835,
    0.9107071161270142,
    0.881388247013092,
    0.8704648613929749,
    0.8525496125221252
  ],
  "val_accuracy": [
    0.47595298290252686,
    0.5553972125053406,
    0.5838974118232727,
    0.5977912545204163,
    0.6237976551055908,
    0.64410400390625,
    0.6209476590156555,
    0.6376914978027344,
    0.6636978983879089,
    0.6996793746948242
  ],
  "val_loss": [
    1.244699478149414,
    1.0807920694351196,
    1.005784034729004,
    0.9818521738052368,
    0.9482240676879883,
    0.8823843002319336,
    0.8892107009887695,
    0.8741142153739929,
    0.8410280346870422,
    0.7936684489250183
  ],
  "learning_rate": [
    0.0010000000474974513,
    0.0010000000474974513,
    0.0010000000474974513,
    0.0010000000474974513,
    0.0010000000474974513,
    0.0010000000474974513,
    0.0010000000474974513,
    0.0010000000474974513,
    0.0010000000474974513,
    0.0010000000474974513
  ]
}