{
  "accuracy": [
    0.3902200162410736,
    0.5000445246696472,
    0.581722617149353,
    0.6296428442001343,
    0.656631350517273,
    0.6711499094963074,
    0.6881624460220337,
    0.7077580690383911,
    0.726997435092926,
    0.7326979637145996
  ],
  "loss": [
    1.3806358575820923,
    1.1194928884506226,
    0.9843189120292664,
    0.9174421429634094,
    0.8538814783096313,
    0.8228153586387634,
    0.7971630692481995,
    0.7569795250892639,
    0.7206201553344727,
    0.7099926471710205
  ],
  "val_accuracy": [
    0.5154969692230225,
    0.5945849418640137,
    0.6291414499282837,
    0.6587103605270386,
    0.6530103087425232,
    0.6825792789459229,
    0.6391164660453796,
    0.7003918886184692,
    0.7513359189033508,
    0.7249732613563538
  ],
  "val_loss": [
    1.1269330978393555,
    0.9905421733856201,
    0.9172465801239014,
    0.8490555882453918,
    0.9044585824012756,
    0.7798951864242554,
    0.8648032546043396,
    0.7740787863731384,
    0.6844483613967896,
    0.6920073628425598
  ],
  "learning_rate": [
    0.0010000000474974513,
    0.0010000000474974513,
    0.0010000000474974513,
    0.0010000000474974513,
    0.0010000000474974513,
    0.0010000000474974513,
    0.0010000000474974513,
    0.0010000000474974513,
    0.0010000000474974513,
    0.0010000000474974513
  ]
}