{
  "accuracy": [
    0.37481072545051575,
    0.4844571053981781,
    0.5462723970413208,
    0.5857308506965637,
    0.6068406701087952,
    0.6260799765586853,
    0.6502182483673096,
    0.674089252948761,
    0.6924378871917725,
    0.6998307704925537
  ],
  "loss": [
    1.434509038925171,
    1.214555263519287,
    1.1078205108642578,
    1.0313081741333008,
    0.9735578298568726,
    0.9362220168113708,
    0.884411096572876,
    0.8483769297599792,
    0.8153187036514282,
    0.7893927097320557
  ],
  "val_accuracy": [
    0.45493409037590027,
    0.576059877872467,
    0.5771285891532898,
    0.6294977068901062,
    0.6209476590156555,
    0.6640541553497314,
    0.6537228226661682,
    0.6872105598449707,
    0.6946918368339539,
    0.6954043507575989
  ],
  "val_loss": [
    1.2644935846328735,
    1.080801010131836,
    1.064272165298462,
    0.9296005368232727,
    0.9416793584823608,
    0.8609176278114319,
    0.8494690656661987,
    0.823382556438446,
    0.7831048369407654,
    0.7876202464103699
  ],
  "learning_rate": [
    0.0010000000474974513,
    0.0010000000474974513,
    0.0010000000474974513,
    0.0010000000474974513,
    0.0010000000474974513,
    0.0010000000474974513,
    0.0010000000474974513,
    0.0010000000474974513,
    0.0010000000474974513,
    0.0010000000474974513
  ]
}