{
  "accuracy": [
    0.3985036015510559,
    0.5313084721565247,
    0.5826133489608765,
    0.6190433502197266,
    0.6601051092147827,
    0.6803241968154907,
    0.6957334876060486,
    0.707223653793335,
    0.7251269221305847,
    0.734835684299469
  ],
  "loss": [
    1.3922642469406128,
    1.135477066040039,
    1.0287837982177734,
    0.9440863728523254,
    0.8698524236679077,
    0.8257963061332703,
    0.7902147769927979,
    0.7651673555374146,
    0.730666995048523,
    0.7137588262557983
  ],
  "val_accuracy": [
    0.5001780986785889,
    0.5835411548614502,
    0.6277164220809937,
    0.6761667132377625,
    0.6633416414260864,
    0.6861417889595032,
    0.7025293707847595,
    0.7363733649253845,
    0.7427858710289001,
    0.7349483370780945
  ],
  "val_loss": [
    1.1751798391342163,
    1.015431523323059,
    0.9456413388252258,
    0.8515385985374451,
    0.8704240322113037,
    0.7986053824424744,
    0.7655577659606934,
    0.7122623324394226,
    0.6918237805366516,
    0.7133894562721252
  ],
  "learning_rate": [
    0.0010000000474974513,
    0.0010000000474974513,
    0.0010000000474974513,
    0.0010000000474974513,
    0.0010000000474974513,
    0.0010000000474974513,
    0.0010000000474974513,
    0.0010000000474974513,
    0.0010000000474974513,
    0.0010000000474974513
  ]
}