{
  "accuracy": [
    0.37801727652549744,
    0.5052106380462646,
    0.5481428503990173,
    0.5699652433395386,
    0.5875122547149658,
    0.5994477868080139,
    0.6149461269378662,
    0.6286630630493164,
    0.6470116972923279,
    0.6547608375549316
  ],
  "loss": [
    1.4493430852890015,
    1.1785930395126343,
    1.1190382242202759,
    1.0647063255310059,
    1.0212610960006714,
    1.003387689590454,
    0.9793808460235596,
    0.9511144757270813,
    0.9125010371208191,
    0.8900353312492371
  ],
  "val_accuracy": [
    0.5119344592094421,
    0.5564659833908081,
    0.5386533737182617,
    0.6163163781166077,
    0.6177413463592529,
    0.6323477029800415,
    0.6359102129936218,
    0.64552903175354,
    0.6672604084014893,
    0.6669041514396667
  ],
  "val_loss": [
    1.1832777261734009,
    1.1139247417449951,
    1.0879151821136475,
    0.9732066988945007,
    0.9655053019523621,
    0.9285058379173279,
    0.9256846904754639,
    0.9122686386108398,
    0.8533493876457214,
    0.8344364762306213
  ],
  "learning_rate": [
    0.0010000000474974513,
    0.0010000000474974513,
    0.0010000000474974513,
    0.0010000000474974513,
    0.0010000000474974513,
    0.0010000000474974513,
    0.0010000000474974513,
    0.0010000000474974513,
    0.0010000000474974513,
    0.0010000000474974513
  ]
}