{
  "accuracy": [
    0.3804222047328949,
    0.5031620264053345,
    0.5515275597572327,
    0.5934799909591675,
    0.6363231539726257,
    0.672575056552887,
    0.6976930499076843,
    0.7224547863006592,
    0.7310946583747864,
    0.7398236393928528
  ],
  "loss": [
    1.4132888317108154,
    1.159771203994751,
    1.0746445655822754,
    1.0074743032455444,
    0.9220204949378967,
    0.8611330389976501,
    0.7974820733070374,
    0.7458713054656982,
    0.7193978428840637,
    0.7083150744438171
  ],
  "val_accuracy": [
    0.47524046897888184,
    0.5493409037590027,
    0.6127538084983826,
    0.6597791314125061,
    0.6465978026390076,
    0.7121481895446777,
    0.6964731216430664,
    0.7456359267234802,
    0.7666547894477844,
    0.7630922794342041
  ],
  "val_loss": [
    1.2436916828155518,
    1.071022391319275,
    0.970541775226593,
    0.9028757214546204,
    0.922368586063385,
    0.7920666337013245,
    0.8009410500526428,
    0.6996232867240906,
    0.6608119010925293,
    0.6388236880302429
  ],
  "learning_rate": [
    0.0010000000474974513,
    0.0010000000474974513,
    0.0010000000474974513,
    0.0010000000474974513,
    0.0010000000474974513,
    0.0010000000474974513,
    0.0010000000474974513,
    0.0010000000474974513,
    0.0010000000474974513,
    0.0010000000474974513
  ]
}