{
  "accuracy": [
    0.4017992317676544,
    0.5282800197601318,
    0.6058608889579773,
    0.6519105434417725,
    0.669813871383667,
    0.7042843103408813,
    0.7220094203948975,
    0.7372405529022217,
    0.7582613229751587,
    0.77456134557724
  ],
  "loss": [
    1.3605173826217651,
    1.0824811458587646,
    0.9654784798622131,
    0.8769203424453735,
    0.8352400064468384,
    0.7764935493469238,
    0.7266502380371094,
    0.6957319378852844,
    0.6579282879829407,
    0.6240574717521667
  ],
  "val_accuracy": [
    0.5194157361984253,
    0.5803349018096924,
    0.6597791314125061,
    0.677947998046875,
    0.71036696434021,
    0.6975418329238892,
    0.7495546936988831,
    0.7591735124588013,
    0.7648735046386719,
    0.760242223739624
  ],
  "val_loss": [
    1.09761643409729,
    0.972988486289978,
    0.8858486413955688,
    0.8086610436439514,
    0.7899563312530518,
    0.7625216245651245,
    0.6727593541145325,
    0.6545336246490479,
    0.6497483253479004,
    0.6343061923980713
  ],
  "learning_rate": [
    0.0010000000474974513,
    0.0010000000474974513,
    0.0010000000474974513,
    0.0010000000474974513,
    0.0010000000474974513,
    0.0010000000474974513,
    0.0010000000474974513,
    0.0010000000474974513,
    0.0010000000474974513,
    0.0010000000474974513
  ]
}