{
  "accuracy": [
    0.3642112910747528,
    0.466108500957489,
    0.5391467213630676,
    0.567827582359314,
    0.6058608889579773,
    0.6165493726730347,
    0.6408657431602478,
    0.6603723168373108,
    0.6766722798347473,
    0.6802351474761963
  ],
  "loss": [
    1.451833963394165,
    1.236003041267395,
    1.1109330654144287,
    1.048078179359436,
    0.9766836762428284,
    0.9492574334144592,
    0.9135110974311829,
    0.8756294250488281,
    0.8375282287597656,
    0.8335301280021667
  ],
  "val_accuracy": [
    0.4809405207633972,
    0.542215883731842,
    0.5771285891532898,
    0.6116850972175598,
    0.6059850454330444,
    0.6555041074752808,
    0.6401852369308472,
    0.6761667132377625,
    0.6515853404998779,
    0.6854292750358582
  ],
  "val_loss": [
    1.2404916286468506,
    1.1223423480987549,
    1.0439834594726562,
    0.9737095236778259,
    0.9735463857650757,
    0.8958614468574524,
    0.889922559261322,
    0.8545686602592468,
    0.8571262359619141,
    0.8161181807518005
  ],
  "learning_rate": [
    0.0010000000474974513,
    0.0010000000474974513,
    0.0010000000474974513,
    0.0010000000474974513,
    0.0010000000474974513,
    0.0010000000474974513,
    0.0010000000474974513,
    0.0010000000474974513,
    0.0010000000474974513,
    0.0010000000474974513
  ]
}