{
  "rnn_L1_H128": {
    "bleu4": 0.09731071303866765,
    "meteor": 0.2895639002148476,
    "time_per_img": 0.005612710456708412
  },
  "rnn_L1_H512": {
    "bleu4": 0.11441476404508659,
    "meteor": 0.3244988879322188,
    "time_per_img": 0.009492469357920218
  },
  "rnn_L2_H128": {
    "bleu4": 0.09112095004924801,
    "meteor": 0.29110428368461216,
    "time_per_img": 0.005778494335356213
  },
  "rnn_L2_H512": {
    "bleu4": 0.12562148876265067,
    "meteor": 0.3129784598347676,
    "time_per_img": 0.01046960235952021
  },
  "rnn_L3_H128": {
    "bleu4": 0.124017633456625,
    "meteor": 0.31005299777006834,
    "time_per_img": 0.00566651620271005
  },
  "rnn_L3_H512": {
    "bleu4": 0.00020089316649793805,
    "meteor": 0.09815466827843737,
    "time_per_img": 0.015363507000081269
  },
  "lstm_L1_H128": {
    "bleu4": 0.00031332229483690293,
    "meteor": 0.1070940998300401,
    "time_per_img": 0.006535982255970602
  },
  "lstm_L1_H512": {
    "bleu4": 0.0002411461020857456,
    "meteor": 0.10639687232474415,
    "time_per_img": 0.015133592671963758
  },
  "lstm_L2_H128": {
    "bleu4": 0.00011868971325824716,
    "meteor": 0.10389899960949713,
    "time_per_img": 0.00752351768724211
  },
  "lstm_L2_H512": {
    "bleu4": 0.0002788828436675972,
    "meteor": 0.10302701140709246,
    "time_per_img": 0.024395991812695514
  },
  "lstm_L3_H128": {
    "bleu4": 0.0003677627245160233,
    "meteor": 0.10720952703423063,
    "time_per_img": 0.010571004925193368
  },
  "lstm_L3_H512": {
    "bleu4": 0.0003509568455849861,
    "meteor": 0.10489384988747001,
    "time_per_img": 0.02963818647922614
  }
}